"","mpg","cyl","disp","hp","wt","qsec","model_year","origin"
"mpg",1,-0.775396285420554,-0.804202824805898,-0.771437135002552,-0.831740933244335,0.420288912101651,0.57926713308331,0.563450359773843
"cyl",-0.775396285420554,1,0.950721390139241,0.838939365564594,0.896016795453395,-0.505419489052176,-0.348745796613594,-0.56254334590924
"disp",-0.804202824805898,0.950721390139241,1,0.893646235533669,0.932824146841634,-0.54368408350093,-0.370164161079324,-0.609409399060415
"hp",-0.771437135002552,0.838939365564594,0.893646235533669,1,0.86057430100904,-0.684259128883864,-0.411650995922344,-0.4536693150822
"wt",-0.831740933244335,0.896016795453395,0.932824146841634,0.86057430100904,1,-0.417457319940393,-0.30656433428329,-0.581023913972748
"qsec",0.420288912101651,-0.505419489052176,-0.54368408350093,-0.684259128883864,-0.417457319940393,1,0.28813695429949,0.205873007418766
"model_year",0.57926713308331,-0.348745796613594,-0.370164161079324,-0.411650995922344,-0.30656433428329,0.28813695429949,1,0.180662195309598
"origin",0.563450359773843,-0.56254334590924,-0.609409399060415,-0.4536693150822,-0.581023913972748,0.205873007418766,0.180662195309598,1
