"Var1","Var2","Freq"
"G2","G1",0.864981630308582
"G3","G1",0.826387124789047
"G1","G2",0.864981630308582
"G3","G2",0.918548003560351
"G1","G3",0.826387124789047
"G2","G3",0.918548003560351
